"","pathway","pval","padj","ES","NES","nMoreExtreme","size","leadingEdge"
"1","Endothelial_All_Zeisel_Science_2015",0.00232045480914259,0.0518234907375179,0.54190165838685,1.92004528841067,19,16,"Iigp1,Ifit1,Usp18,Oasl2,Stat1,,Il2rg,Tap1,Nmi,Irf9"
"2","Microglia_All_Darmanis_PNAS_2015",0.419935614641707,0.999795312659912,0.311188811188811,1.03868177080614,3521,13,",Ccl3,Fcgr4,C3,Ptprc,Cd53,C3ar1,Cd74,Plek,C1qa,Alox5ap,Lcp1,Ccl4"
"3","Microglia_All_Zeisel_Science_2015",0.948436865611043,0.999795312659912,0.113600249343058,0.555533309731959,9343,70,"Cxcl10,Ms4a6d,Ccl12,Ms4a6c,,Ccl2,Ifi27l2a,Ccl3,Casp4,Ch25h,Tgfbi,Ifi203,Ccl7,Fcgr1,Slc15a3,Trim21,Slfn2,Hck,Cybb,Irf8,Fcer1g,Apobec1,Hmox1,Tlr2,Cd53,C3ar1,Itgb2,Ctsc,Mpeg1,Ctss,Pld4,C1qc,Lpxn,Tmem106a,Casp1,Cxcl16,Ms4a7"
"4","Microglia_All_Zhang_JNeuro_2014",0.5929931812838,0.999795312659912,0.26380011292335,0.900719111980197,5043,14,"Ccl12,,Ccl3,Ch25h,Slfn2,Hck,Tlr2"
"5","DropViz_HC_Endothelial_Flt1_cluster-markers.csv",0.000105374077976818,0.00639084297126505,0.529797314217546,2.31477551980106,0,36,"Ifit1,Gbp2,Rsad2,Trim30a,Gbp3,Isg15,Gbp7,H2-K1,Ifitm3,,Ifih1,Lcn2,Rtp4,Bst2,Ly6a,Tmem140,Ifi35,Lgals9,B2m,Tgm2,Tspo,Srgn"
"6","DropViz_HC_FibroblastLike_Dcn_cluster-markers.csv",0.890430284505055,0.999795312659912,0.182456140350877,0.622978250050742,7573,14,",Serping1,Tgfbi,Plscr2,Emp1,Ifitm1,Anxa2,Ifitm2,Cp,Vcam1,Cyp1b1,Apod,Nupr1,Txnip"
"7","DropViz_HC_Microglia_Macrophage_C1qb_cluster-markers.csv",0.999692968989868,0.999795312659912,0.0626045048785606,0.296883748497242,9767,57,"Trim30a,Ms4a6d,Ccl12,Ms4a6c,,Psmb8,Cd52,Lgals9,B2m,Ptprc,Fcgr1,Slc15a3,Hck,Irf8,Fcer1g,Cd53,Cyba,C3ar1,Itgb2,Ctsc,Mpeg1,Ctss"
"8","DropViz_HC_Mural_Rgs5Acta2_cluster-markers.csv",0.93480428820743,0.999795312659912,0.189549020326458,0.578711651692702,7498,10,",Serping1,Ifitm1,Adap2,Rhoj,Ifitm2,Cp,Ccrl2,Hspb1"
"9","DropViz_STR_Endothelial_Flt1_cluster-markers.csv",0.000104887770086008,0.00639084297126505,0.571061618491493,2.5460935347316,0,40,"Iigp1,Ifit1,Gbp2,Rsad2,Trim30a,Gbp3,Isg15,Gbp7,H2-K1,Ifitm3,,Ifih1,Psmb9,Rtp4,Bst2,Psmb8,Ly6a,Tmem140,Ifi35,Parp9,Lgals9,B2m,Tgm2,Eif2ak2,Tspo,Srgn"
"10","DropViz_STR_FibroblastLike_Dcn_cluster-markers.csv",0.942022316806626,0.999795312659912,0.153409343162094,0.553008064691996,8188,17,"Ifitm3,,Serping1,Tgfbi,Plscr2,Emp1,Anxa2,Glipr2,Ifitm2,Ctsh,Cp,Cyp1b1,Apod,Nupr1,Txnip,Csf1"
"11","DropViz_STR_Microglia_Macrophage_C1qb_cluster-markers.csv",0.999795312659912,0.999795312659912,0.0597233847564676,0.283220870029039,9768,57,"Trim30a,Ccl12,Ms4a6c,,Psmb9,Psmb8,Cd52,Lgals9,B2m,Ptprc,Fcgr1,Slc15a3,Hck,Irf8,Fcer1g,Cd53,Cyba,C3ar1,Itgb2,Ctsc,Mpeg1,Ctss,Pld4,C1qc,Adap2,Ms4a7,Casp8,Plek,Ifi30,C1qa,Alox5ap,Cd68,Tlr7,C1qb,Lcp1,Ctsh,Aif1,Arpc1b"
"12","DropViz_STR_Mural_Rgs5Acta2_cluster-markers.csv",0.769767441860465,0.999795312659912,0.235378794550358,0.743365574381325,6288,11,"Ifitm3,,Serping1,Ifitm1,Adap2,Rhoj,Ifitm2,Cp,Ccrl2,Hspb1"
"13","FAN_EMBRYONIC_CTX_BIG_GROUPS_BRAIN_ENDOTHELIAL",0.0558504755585048,0.374198186241982,0.386558353270522,1.51895678671868,504,23,"Isg15,H2-K1,Stat1,Ifitm3,,Psmb8,Ifi35,Serping1,B2m,Tgm2"
"14","FAN_EMBRYONIC_CTX_BIG_GROUPS_BRAIN_IMMUNE",0.446082561078349,0.999795312659912,0.233817126254377,1.0278030994744,4235,37,"Plac8,Isg15,H2-K1,Ifitm3,,Psmb9,Psmb8,Isg20,Irf1,Il2rg,B2m"
"15","FAN_EMBRYONIC_CTX_BIG_GROUPS_MICROGLIA",0.461452286383542,0.999795312659912,0.21237023388614,1.02075570728404,4530,62,",Fcgr4,Ch25h,B2m,C3,Ifi209,Ifi203,Ptprc,Fcgr1,Hck,Cybb,Tapbp,Irf8,Fcer1g,Hmox1,Zfp36,Cd53,Cyba,C3ar1,Itgb2,Ctsc,Gimap4,Mpeg1,Ctss,Pld4,C1qc,Naip2,Cd74,Adap2,Casp1,Cxcl16,Ms4a7,Gadd45b,Ccr1,Plek,Ifi30,C1qa,Tcirg1,Rgs1,C2,Alox5ap,Cd68,Tlr7,Nfkbia,C1qb,Lcp1,Ctsh,Cebpd,Aif1,Igsf6,Arpc1b,Ccl4"
"16","FAN_EMBRYONIC_CTX_BRAIN_ENDOTHELIAL_1",0.0307143678822041,0.293980378301096,0.44848118006509,1.61667929949042,266,17,"Ifi44,Gbp3,Isg15,Ifitm3,,Parp12,Ifi35"
"17","FAN_EMBRYONIC_CTX_BRAIN_ENDOTHELIAL_2",0.293567688855647,0.936620721587064,0.37924844035954,1.15788248836291,2354,10,"Lgals3bp,Ifitm3,,Serping1"
"18","FAN_EMBRYONIC_CTX_BRAIN_MYELOID",0.287977732576812,0.936620721587064,0.277040107689277,1.17001654172575,2689,31,"Plac8,Isg15,Ms4a6d,H2-K1,Ifitm3,,Psmb9,Irf1,Tgfbi,Atf3,Hck,Timp1,Fgl2,Trim25,Socs3,Ctss,Tnfaip2,Cd74,Ptgs2,Anxa2,Cd44,Ifi30,S100a6"
"19","FAN_EMBRYONIC_CTX_BRAIN_B_CELL",0.154194222067525,0.666516959904786,0.373458300477761,1.32322320692787,1328,16,"Plac8,H2-K1,,Psmb9,Isg20,Il2rg"
"20","FAN_EMBRYONIC_CTX_BRAIN_EFFECTOR_T_CELL",0.679232804232804,0.999795312659912,0.209300542568288,0.830366594497027,6161,24,"Plac8,H2-K1,,Psmb9,Irf1,Il2rg,Ptprc,Gzma"
"21","FAN_EMBRYONIC_CTX_BRAIN_NAIVE_LIKE_T_CELL",0.0383872799545713,0.327802595192512,0.427071927242269,1.58692124050316,337,19,"Gbp2,Plac8,H2-K1,,Psmb9,Psmb8,Isg20,Il2rg"
"22","MANNO_MIDBRAIN_NEUROTYPES_HENDO",0.441402645339895,0.999795312659912,0.220012942603641,1.03566774352861,4304,54,"Ifi44,Gbp3,Isg15,Ifitm3,,Parp12,Ifi35,Parp9,Irf1,Casp4,Parp14,B2m,Nmi,Ifi209,Tgm2,Ifi203,Icam1,Gzma,Timp1,Emp1,Helz2,Zfp36,Socs3,Osmr,Cyba,Gimap4,Cdkn1a,Serpine1"
"23","MANNO_MIDBRAIN_NEUROTYPES_HPERIC",0.484698097601323,0.999795312659912,0.217721611529993,1.00091747118524,4687,47,"Ifi44,Isg15,Ccl12,Lgals3bp,Ifitm3,,Ifi35,Irf1,Casp4,Parp14,Serping1,Tgfbi,B2m"
"24","MANNO_MIDBRAIN_NEUROTYPES_HMGL",0.88920282542886,0.999795312659912,0.133610300859245,0.667125758845974,8811,84,"Ccl12,Stat1,Cd274,,Fcgr4,Parp9,Irf1,Casp4,Parp14,B2m,C3,Ifi209,Ifi203,Tor3a,Icam1,Ptprc,Fcgr1,Slc15a3,Atf3,Samhd1,Cybb,Fgl2,Irf8,Fcer1g,Hmox1,Zfp36,Cd53,Cyba,C3ar1,Itgb2,Ctsc,Gimap4,Capg,Mpeg1,Cdkn1a,Ctss,Pld4,C1qc,Naip2,Cd74,Adap2,Ptgs2,Casp1,Ms4a7,Gadd45b,Ccr1,Cd44,Plek,C1qa,Rgs1,Alox5ap,Cd68,Tlr7,Tnfaip3,Birc3,Nfkbia,C1qb,Lcp1,Ctsh,Cebpd,Igsf6,Arpc1b,Ccl4"
"25","MANNO_MIDBRAIN_NEUROTYPES_HRGL2A",0.36499388004896,0.999795312659912,0.34509058925767,1.08985375928686,2981,11,"Ccl12,Lgals3bp,"
"26","MANNO_MIDBRAIN_NEUROTYPES_HRGL3",0.828591582412415,0.999795312659912,0.202560953196717,0.691624123520456,7047,14,"Lgals3bp,,Ifi35,Atf3,Ctsc,Stat3,Anxa2,Cd44,Rhoj,Ccn1,Vcam1,Hspb1,Lipg"
"27","ZHONG_PFC_MAJOR_TYPES_ASTROCYTES",0.117053103964099,0.560182711828187,0.454414058485784,1.38737045375267,938,10,"H2-K1,Lgals3bp,Ifitm3,,B2m"
"28","ZHONG_PFC_MAJOR_TYPES_MICROGLIA",0.0119760479041916,0.20059880239521,-0.202452346945463,-1.92254317345863,1,66,"Itgam,Klf6,Samsn1,Sat1,Anxa4,Ly96,Grn,Sting1,Vav1,Hcls1,Rnf135,Cd86,Ccl4,Arpc1b,Igsf6,Aif1,Cebpd,Lcp1,C1qb,Nfkbia,Tlr7,Msn,Cd68,Ifitm2,Alox5ap,C2,Rgs1,Tcirg1,C1qa,Ifi30,Plek,Ccr1,Gadd45b,Ms4a7,Cxcl16,Casp1,Adap2,Cd74,Naip2,C1qc,Pld4,Psmb10,Ctss,Mpeg1,Gimap4,Ctsc,Itgb2,C3ar1,Cyba,Cd53,Zfp36,Fcer1g,Irf8,Tapbp,Cybb,Hck,Slc15a3,Fcgr1,Ptprc,Ifi203,Ifi209,C3,B2m,Ch25h"
"29","HAY_BONE_MARROW_DENDRITIC_CELL",0.598048436397837,0.999795312659912,0.262410618774907,0.895974823125968,5086,14,"Plac8,Irf7,"
"30","HAY_BONE_MARROW_IMMATURE_NEUTROPHIL",0.974937343358396,0.999795312659912,-0.103571428571429,-0.548522798511293,1166,19,"Lcp2,Clec7a,Nampt,Upp1,Txnip,Sh3bp2,Cd86,Cebpd,Nfkbia,Ifi30,Ccr1,Tnfaip2,Ctss,Cdkn1a,Hmox1,Fcgr1,Icam1,Ccl3,"
"31","HAY_BONE_MARROW_MONOCYTE",0.672283619652041,0.999795312659912,0.20922561444176,0.840926392152068,6143,25,"Gbp2,Isg15,Ifitm3,,Fcgr4,Myd88,Hck,Timp1,Fcer1g,C3ar1,Tnfsf10,Adap2,Cxcl16,Ms4a7,Rhoc,C1qa,Tcirg1,Cd68,C1qb,Aif1,Arpc1b,Cd300lf"
"32","HAY_BONE_MARROW_NEUTROPHIL",0.238170347003155,0.83986385522165,-0.17012762365673,-1.15921911385609,150,32,"Itgam,Klf6,Samsn1,Ly96,Grn,Clec4e,Ctsz,Slc11a1,Igsf6,Ctsh,Lcp1,Msn,Glipr2,Thbs1,S100a6,Cd44,Anxa2,Casp1,Ptgs2,Naip2,Il1rn,Sell,Mpeg1,Capg,Cyba,Tlr2,Fgl2,Cybb,Slc15a3,Tspo"
"33","HAY_BONE_MARROW_NK_CELLS",0.0534523553452355,0.374198186241982,0.364344501454497,1.51857076508698,496,29,"H2-K1,,Psmb9,Lgals9,Irf1,Il2rg,Tap1,B2m,Ifi209,Ifi203,Ube2l6,Gzma,Zbp1,Tapbp,Nkg7,Cd53,Itgb2,Ctsc,Cst7,Psmb10,Psme1"
"34","HAY_BONE_MARROW_STROMAL",0.640989167304957,0.999795312659912,0.21511566391674,0.864599870506082,5857,25,"Ccl12,Lgals3bp,,Ccl2,Serping1,Ch25h,Il6,Atf3,Emp1,Zfp36,Socs3,Osmr"
"35","HU_FETAL_RETINA_FIBROBLAST",0.484316454341077,0.999795312659912,0.236506988202406,0.998834034315761,4523,31,"Isg15,H2-K1,Ifitm3,,Irf1,Tgfbi,B2m,Ifi209,Tgm2,Ifi203"
"36","HU_FETAL_RETINA_MICROGLIA",0.601097895699908,0.999795312659912,0.189593825416298,0.918117450089488,5912,65,"H2-K1,,Ccl3,Fcgr4,Parp14,B2m,C3,Ifi209,Ifi203,Ptprc,Fcgr1,Atf3,Samhd1,Hck,Cybb,Tapbp,Fgl2,Irf8,Fcer1g,Hmox1,Zfp36,Cd53,Cyba,C3ar1,Itgb2,Ctsc,Gimap4,Mpeg1,Cdkn1a,Ctss,Pld4,C1qc,Lpxn,Cd74,Adap2,Casp1,Cxcl16,Ms4a7,Gadd45b,Ccr1,Plek,C1qa,Rgs1,Alox5ap,Msn,Nfkbia,C1qb,Lcp1,Cebpd,Aif1,Igsf6,Arpc1b"
"37","DURANTE_ADULT_OLFACTORY_NEUROEPITHELIUM_FIBROBLASTS_STROMAL_CELLS",0.0296215693386531,0.293980378301096,0.502348084172909,1.63224352378798,244,12,"Ccl12,Ifitm3,,Serping1,Ch25h,Tgfbi,Tgm2"
"38","DURANTE_ADULT_OLFACTORY_NEUROEPITHELIUM_CD8_T_CELLS",0.929138387208098,0.999795312659912,0.158354068097821,0.570832746753581,8076,17,"Ccl5,,Il2rg,Ptprc,Gzma"
"39","DURANTE_ADULT_OLFACTORY_NEUROEPITHELIUM_MACROPHAGES",0.416097190584662,0.999795312659912,0.255987669888975,1.04929441224043,3835,27,"Ms4a6d,,Fcgr4,C3,Fgl2,Fcer1g,Cyba,C3ar1,Itgb2,Ctss,Pld4,C1qc,Cd74,H2-Aa,Cxcl16,Ms4a7,Ifi30,C1qa,Rgs1,Cd68,C1qb,Cebpd,Aif1,Igsf6"
"40","DURANTE_ADULT_OLFACTORY_NEUROEPITHELIUM_DENDRITIC_CELLS",0.747885665346323,0.999795312659912,0.182992703542373,0.7728284974529,6985,31,"Ms4a6d,,Fcgr4,Ptprc,Cybb,Timp1,Fgl2,Fcer1g,Cyba,Itgb2,Mpeg1,Ctss,Tnfaip2,Ptgs2,Ms4a7,Cd44,Plek,Ifi30,Ifitm2,Cd68,Tnfaip3,Nfkbia,Lcp1,Aif1,Igsf6"
"41","DURANTE_ADULT_OLFACTORY_NEUROEPITHELIUM_NK_CELLS",0.0621543906215439,0.390625,0.381976075696686,1.5009510146004,561,23,"Ccl5,Plac8,H2-K1,,Psmb9,Fcgr4,Il2rg,B2m,Ptprc,Gzma,Fcer1g,Nkg7,Cd53,Cyba,Itgb2,Cst7"
"42","DURANTE_ADULT_OLFACTORY_NEUROEPITHELIUM_MAST_CELLS",0.377022653721683,0.999795312659912,-0.202444780587282,-1.04416272738419,465,18,"Samsn1,Gpr65,Vwa5a,Socs1,Csf1,Rac2,Ccl4,Nfkbia,Birc3,Tnfaip3,Alox5ap,Rgs1,Cd44,Ptgs2"
"43","DURANTE_ADULT_OLFACTORY_NEUROEPITHELIUM_MONOCYTES",0.5132847401834,0.999795312659912,0.282057260205004,0.96305631610263,4365,14,"Ms4a6d,,Fgl2,Fcer1g,C1qc,Cd74,H2-Aa,Ms4a7,Ifi30,C1qa,Rgs1,C1qb,Aif1"
"44","DESCARTES_MAIN_FETAL_MYELOID_CELLS",0.940113682501015,0.999795312659912,0.117531270269905,0.574756974105459,9261,70,"Cxcl10,Ifit2,Ms4a6d,Ccl12,Cd274,,Ccl2,Fcgr4,Tgfbi,Icam1,Fcgr1,Slc15a3,Samhd1,Hck,Cybb,Fgl2,Irf8,Fcer1g,Hmox1,Tlr2,C3ar1,Mpeg1,Ctss,Tnfaip2,Pld4,C1qc,Il1rn,Naip2,Cd74,H2-Aa,Tmem106a,Adap2,Ptgs2,Casp1,Cxcl16,Ms4a7,Gpr84,Ccr1,Plek,Ifi30,C1qa,Rgs1"
"45","DESCARTES_MAIN_FETAL_VASCULAR_ENDOTHELIAL_CELLS",0.356083733100741,0.999795312659912,0.271703633379281,1.1022680423167,3265,26,"Slfn4,Gbp3,Isg15,Ifitm3,,Serping1,Tgm2,Myd88,Timp1,Oas2,Helz2,Socs3,Osmr,Gimap4,Serpine1"
"46","DESCARTES_MAIN_FETAL_MICROGLIA",0.0681818181818182,0.397233201581028,-0.134031853808572,-1.4323173034722,5,85,"Lcp2,Itgam,Il7r,Fermt3,P2ry6,Samsn1,Gpr65,Anxa4,Ly96,Il12rb1,Fcgr2b,Clec7a,Cd48,Cytip,Cd180,Pik3ap1,Vav1,Csf1,Hcls1,Rac2,F13a1,Tlr1,Csf2rb2,B4galt1,Csf2rb,Ctsz,Cd86,Cd300lf,Slc11a1,Igsf6,Aif1,Lcp1,Tnf,C1qb,Tlr7,Cd68,Alox5ap,C2,Tlr3,Rgs1,C1qa,Ifi30,Plek,Ccr1,Gadd45b,Gpr84,Ms4a7,Cxcl16,Casp1,Adap2,Tmem106a,Cd74,Naip2,Il1rn,C1qc,Pld4,Sell,Ctss,Cdkn1a,Mpeg1,Capg,Ctsc,Itgb2,C3ar1,Cd53,Tlr2,Hmox1,Fcer1g,Irf8,Cybb,Hck,Il6,Slc15a3,Fcgr1,Ptprc,Icam1,Cfb"
"47","DESCARTES_FETAL_CEREBELLUM_MICROGLIA",0.18018018018018,0.710121886592475,-0.115523892348847,-1.21700337567713,19,79,"Lcp2,Itgam,Il7r,Fermt3,P2ry6,Samsn1,Anxa4,Ly96,Il12rb1,Fcgr2b,Clec7a,Cytip,Cd180,Pik3ap1,Vav1,Csf1,Hcls1,Rac2,Tlr1,Csf2rb2,B4galt1,Csf2rb,Ctsz,Cd86,Cd300lf,Slc11a1,Igsf6,Aif1,Lcp1,Tnf,C1qb,Tlr7,Cd68,Alox5ap,C2,Rgs1,C1qa,Plek,Ccr1,Gadd45b,Gpr84,Ms4a7,Cxcl16,Casp1,Adap2,Tmem106a,Cd74,Il1rn,C1qc,Pld4,Sell,Ctss,Cdkn1a,Mpeg1,Capg,Ctsc,Itgb2,C3ar1,Cd53,Tlr2,Hmox1,Fcer1g,Irf8,Cybb,Hck,Il6,Slc15a3,Fcgr1,Ptprc,Icam1,Cfb"
"48","DESCARTES_FETAL_CEREBELLUM_VASCULAR_ENDOTHELIAL_CELLS",0.128321150945585,0.592932214714084,0.385488891492497,1.36584953817661,1105,16,"Slfn4,Gbp3,Isg15,Ifitm3,,Tgm2,Timp1,Oas2,Helz2,Osmr,Serpine1"
"49","DESCARTES_FETAL_CEREBRUM_VASCULAR_ENDOTHELIAL_CELLS",0.0777637179339699,0.408593208593209,0.405130815126062,1.46041045090214,675,17,"Slfn4,Isg15,Ifitm3,,Serping1,Tgm2,Myd88,Oas2,Helz2,Socs3,Osmr,Gimap4"
"50","DESCARTES_FETAL_CEREBRUM_MICROGLIA",0.0137614678899083,0.204892966360856,-0.182534146372996,-1.66151588417878,2,58,"Itgam,Il7r,P2ry6,Samsn1,Gpr65,Ly96,Il12rb1,Clec7a,Cd48,Cytip,Cd180,Pik3ap1,Vav1,Csf1,Hcls1,Tlr1,Csf2rb2,B4galt1,Csf2rb,Cd86,Cd300lf,Slc11a1,Aif1,Tlr7,Cd68,C2,Tlr3,Rgs1,C1qa,Ifi30,Ccr1,Gpr84,Ms4a7,Cxcl16,Casp1,Adap2,Tmem106a,Cd74,Naip2,Il1rn,C1qc,Pld4,Ctss,Mpeg1,Capg,Ctsc,Itgb2"
"51","DESCARTES_FETAL_EYE_CORNEAL_AND_CONJUNCTIVAL_EPITHELIAL_CELLS",0.364746945898778,0.999795312659912,0.357973972875811,1.09292946357182,2925,10,"Plac8,,Lcn2,Cfb,Atf3"
"52","DESCARTES_FETAL_EYE_MICROGLIA",0.5639991277802,0.999795312659912,0.228604247925373,0.927419165110059,5172,26,"Ms4a6d,Ccl12,,Ptprc,Hck,Cybb,Irf8,Tlr2,Itgb2,Pld4,C1qc,Naip2,Cd74,Tmem106a,Adap2,Ms4a7,Plek,C1qa,Rgs1"
"53","Gandal_2018_AutismSpectrumDisorder_Upregulated_Cortex",0.546203110704483,0.999795312659912,0.197872244589908,0.958206103218133,5372,65,"Cxcl10,Gbp2,Irf7,H2-K1,Ccl12,Ifitm3,,Ccl2,Parp12,Psmb8,Tap1,Tgfbi,B2m,Ifi209,Tgm2,Ifi203,Fcgr1,Tspo,Myd88,Timp1,Fgl2,Fcer1g,Emp1,Hmox1,Tlr2,Osmr,Ctsc,Cdkn1a,Ctss,C1qc,Cd74,H2-Aa,Stat3,Ptgs2,Casp1,Cxcl16,Gpr84,Anxa2,Gadd45b,Cd44,Plek"
"54","Gandal_2018_Schizophrenia_Upregulated_Cortex",0.85655124813068,0.999795312659912,0.184397163120567,0.664712567110425,7445,17,"Ifitm3,,Ube2l6,Tlr2,Osmr,Sell,Stat3,Cd44,Ifitm2,Msn,Birc3,C1qb,Cp,Hspb1,Mcm6,Sp110,Txnip"
"55","Gandal_2018_Schizophrenia_Upregulated_PFC",0.170009653544996,0.690342229546348,0.310043894476486,1.30009866603772,1584,30,"Ifitm3,,Fcgr4,Tap1,Ifi209,Tgm2,Ifi203,Icam1,Fcgr1,Ube2l6,Timp1,Emp1,Helz2,Tlr2,Trim25,Socs3,Osmr,Gadd45g,Cdkn1a"
"56","Blaveri_2010_FlindersSensitiveLine_Downregulated_HC",0.767168986540895,0.999795312659912,0.208905132924776,0.753058587447889,6668,17,",B2m,Irf9,Plscr2,Itgb2,Mpeg1,Ctss,Gadd45b,Trafd1,Nfkbia,Ctsh,Aif1,Fxyd5,Gfap,Vcam1"
"57","Meckes_2018_WKYvsF344_Downregulated_HC",0.442513992537313,0.999795312659912,0.294087892502596,1.02327890067634,3794,15,"H2-K1,Cd274,,C3,Fgl2,Apobec1,Mpeg1,C1qc,Cd74,Tifa,H2-T24,C1qa,C1qb,Cebpd"
"58","Meckes_2018_WKYvsF344_Upregulated_HC",0.0460140342804555,0.342548921865613,0.43005348657387,1.55025138249224,399,17,"Usp18,Rsad2,Isg15,Irf7,,Rtp4"
"59","Replicated_InternalizingBehavior_DifferentiallyExpressed_HC",0.986631016042781,0.999795312659912,-0.116556128397268,-0.529036068007503,1475,14,"Serpinb9,Ehd4,Cd48,Hspb1,Fxyd5,Lcp1,C1qa,Cd74,C1qc,Mpeg1,Capg"
"60","Gray_2014_AllStressConditions_HC",0.150990099009901,0.666516959904786,-0.292182209031119,-1.29158869989296,243,13,"Itgam,Samsn1,Il15ra,Nampt,Clec2d,Slc11a1,Gfap,Nfkbia,Pld4,Cdkn1a,Gimap4,Gadd45g"
"61","Gray_2014_ChronicRestraintAndForcedSwimStress_Downregulated_HC",0.943172667663637,0.999795312659912,0.152886852994624,0.55112459872847,8198,17,"Usp18,,Parp14,Slc15a3,Timp1,Socs3,Dhx58"
"62","Johnson_2016_Coexpression_Hippocampus_Human_M1",0.869483919222139,0.999795312659912,0.216060239119866,0.659652989136155,6974,10,",Nmi,Parp10,Cd53,Psme1,Anxa2,Rhoc"
"63","Johnson_2016_Coexpression_Hippocampus_Human_M21",0.610687945834845,0.999795312659912,0.271686761566088,0.88277226695372,5050,12,",Parp9,Tap1,Timp1,Emp1,Serpina3n,Stat3,Anxa2,Cd44,Msn,Tgif1"
"64","Johnson_2016_Coexpression_Hippocampus_Human_M23",0.708478882184821,0.999795312659912,0.187858319028788,0.814378526956591,6692,35,"Gbp2,Ms4a6d,Ifitm3,,Psmb8,Serping1,Tspo,Slc15a3,Cybb,Fgl2,Fcer1g,Cd53,Cyba,Ctsc,Gimap4,C1qc,Cd74,Adap2,Casp1,Cxcl16,Ms4a7,Alox5ap,Ifitm2,Cd68,C1qb,Lcp1,Aif1,Fxyd5"
"65","Park_2011_Coexpression_Hippocampus_Mouse_blue",0.407874015748032,0.999795312659912,0.238346890184835,1.0585214743613,3884,39,"Plac8,Ifitm3,Cd274,,Irf1,Casp4,Tgfbi,Icam1,Srgn,Slc15a3,Trim21,Atf3,Zbp1,Apobec1,Tlr2,Cd53,Trim25,Cyba,Dhx58,Psme1,C1qc,Tmem106a,Cxcl16,Gpr84,Casp8,Cd44,Plek"
"66","Park_2011_Coexpression_Hippocampus_Mouse_brown",0.0424657534246575,0.334730056406124,-0.252186501416482,-1.62834763102064,30,28,"P2ry6,Ogfr,Ecm1,Grn,Vav1,Il15,Mcm6,Clec4e,Csf2rb,Rnf135,Parp3,Arpc1b,Aif1,Tnfaip3,Trafd1,Rhoj,Ifi30,Stat3,Psme1,Psmb10,Ctss,Cst7,Gimap4,Tap2,Timp1,Zbp1,Myd88"
"67","Park_2011_Coexpression_Hippocampus_Mouse_yellow",0.383455157210813,0.999795312659912,0.305042063982894,1.08081340710589,3304,16,"Ms4a6c,,Bst2,Oasl1,Ifi203,Cfb,Slfn2"
"68","RHEIN_ALL_GLUCOCORTICOID_THERAPY_UP",0.705050505050505,0.999795312659912,-0.206044168800523,-0.804116425349941,1395,10,"Itgam,Gpr65,Ly96,Cytip,Txnip"
"69","MARTORIATI_MDM4_TARGETS_NEUROEPITHELIUM_DN",0.621291448516579,0.999795312659912,0.284128817802642,0.867473000709094,4983,10,",Cxcl13,Parp9"
"70","BUYTAERT_PHOTODYNAMIC_THERAPY_STRESS_UP",0.511507851150785,0.999795312659912,0.233177997329636,0.971874938122368,4755,29,"Rsad2,Irf7,,Oasl1,Irf1,Ifi209,Ifi203,Irf9,Il6,Atf3,Hmox1,Tlr2,Zfp36,Trim25,Cdkn1a,Ptx3"
"71","BUYTAERT_PHOTODYNAMIC_THERAPY_STRESS_DN",0.0305993327965029,0.293980378301096,0.448635839477057,1.61723681378737,265,17,"Usp18,Isg15,Ccl12,,Psmb9,Tgfbi,Tgm2,Tor3a,Icam1"
"72","BLALOCK_ALZHEIMERS_DISEASE_INCIPIENT_UP",0.923700916999765,0.999795312659912,0.170978250391398,0.583788142293992,7856,14,",Oasl1,Il2rg,Eif2ak2,Ctss,Erap1,Cd44,Crybg1,Arpc1b,Clic1,Tlr1,Csf1,Ifng,Nampt"
"73","BLALOCK_ALZHEIMERS_DISEASE_UP",0.903899293828677,0.999795312659912,0.130841642007773,0.620478625526266,8831,57,"Gbp2,Irf7,Lgals3bp,,Oasl1,Casp4,Il2rg,Serping1,Tap1,Ch25h,Ifi209,Ifi203,Icam1,Eif2ak2,Tspo,Il6,Tapbp,Emp1,Apobec1,Hmox1,Zfp36,Serpina3n"
"74","LU_AGING_BRAIN_UP",0.489771925699506,0.999795312659912,0.287699476711856,0.982321100280824,4165,14,"Irf7,,Ifi209,Tgm2,Ifi203"
"75","LEE_AGING_NEOCORTEX_UP",0.932898077620602,0.999795312659912,0.177540076713956,0.576868210627893,7715,12,"Lgals3bp,,B2m,Mpeg1,Ctss,C1qc,C1qa,Cd68,Gfap,Ctsz,Apod"
"76","LEE_AGING_CEREBELLUM_UP",0.443115150120787,0.999795312659912,0.284763929063091,1.02651341867019,3851,17,"Gbp3,Irf7,Lgals3bp,,B2m,Hmox1,Mpeg1,Cst7,Ctss,C1qc,C1qa,Cd68,C1qb,Ctsh,Gfap,Slc11a1,Ctsz"
"77","MEISSNER_BRAIN_HCP_WITH_H3K4ME3_AND_H3K27ME3",0.407131748500333,0.999795312659912,0.271615459493976,1.05642038862554,3664,22,"Usp18,,Parp14,Tap1,Ch25h,Atf3,Irf8,Zfp36,Trim25,Osmr,Adap2,Cxcl16,Tifa,Anxa2,Gadd45b,Rhoc,Glipr2,Ccn1"
"78","VERHAAK_GLIOBLASTOMA_MESENCHYMAL",0.0792792792792793,0.408593208593209,-0.202066763402215,-1.4444389353359,43,35,"Lcp2,Itgam,Il15ra,Mvp,Sat1,Anxa4,Ly96,Grn,Fcgr2b,Cytip,Ccr5,Rac2,Clic1,Ctsz,Slc11a1,Arpc1b,Fxyd5,Lcp1,Tnfaip3,Crybg1,Thbs1,Tcirg1,Ifi30,Casp8,Anxa2,Casp1"
"79","JOHNSTONE_PARVB_TARGETS_3_UP",0.418651423732402,0.999795312659912,0.242847645983405,1.0527609808993,3954,35,"Lgals3bp,Ifitm3,,Psmb9,Parp12,Ifi35,Tgfbi,C3,Tgm2,Icam1,Samhd1,Timp1,Tapbp,Helz2,Hmox1,Osmr,Ctss,Tnfsf10,Tnfaip2,Ptx3"
"80","GOBERT_OLIGODENDROCYTE_DIFFERENTIATION_DN",0.595615671641791,0.999795312659912,0.257155538081802,0.894772763584123,5107,15,"Ccl5,Stat1,"
"81","FLORIO_NEOCORTEX_BASAL_RADIAL_GLIA_UP",0.0304773561811506,0.293980378301096,0.511161851052517,1.61433456117127,248,11,"Slfn4,Rsad2,,Isg20,Irf1,Parp14"
"82","Gemma_GSE12284_Gene_expression_changes_in_LPS-induced_neuroinflammation_Treatment_lipopolysaccharide_Up",0.077233782129743,0.408593208593209,0.467204544798758,1.47551004100155,630,11,"Cd274,,Lcn2,Ly6a,Tspo,Tlr2,Osmr,Cyba,Ctsc"
"83","Gemma_GSE10415_7_Brain_Regions_in_20_Inbred_Strains_of_Laboratory_Mice_StrainOrLine_MOLF.Ei_Up",0.874077976817703,0.999795312659912,0.14759851901186,0.644883296685142,8294,36,"Gbp7,,Bst2,Ifi27l2a,Ifi35,Lgals9,Fcgr1,Chil3,Srgn,Slc15a3,Xdh,Serpina3n,Nkg7,Mpeg1,Cdkn1a,Cst7,Erap1,Cd74,Stat3,Casp1"
"84","Gemma_GSE10415_7_Brain_Regions_in_20_Inbred_Strains_of_Laboratory_Mice_StrainOrLine_PERA.EiJ_Up",0.554120734908137,0.999795312659912,0.212024370505911,0.941620631569386,5277,39,"Gbp3,Ifit2,Gbp7,,Bst2,Ifi27l2a,Ifi35,Lgals9,Parp14,Fcgr1,Chil3,Srgn,Slc15a3"
"85","Gemma_GSE10415_7_Brain_Regions_in_20_Inbred_Strains_of_Laboratory_Mice_StrainOrLine_NZB.B1NJ_Up",0.235890652557319,0.83986385522165,0.30941808505807,1.22756701159355,2139,24,"Gbp7,,Bst2,Ly6a,Parp14,Mx2,Fcgr1,Irf9,Slc15a3,Xdh,Serpina3n,Nkg7,Ctsc,Cdkn1a,Cst7,Cd74,Tgm1,Gpr84"
"86","Gemma_GSE10415_7_Brain_Regions_in_20_Inbred_Strains_of_Laboratory_Mice_StrainOrLine_PWD_Up",0.446996838777661,0.999795312659912,0.235959695217155,1.0309484617812,4241,36,"Gbp3,Gbp7,,Bst2,Ifi27l2a,Ly6a,Ifi35,Lgals9,Fcgr1,Chil3,Srgn,Slc15a3,Xdh,Fcer1g,Serpina3n,Mpeg1,Cdkn1a,Cst7,Ctss,Erap1,Cd74,Stat3,Casp1"
"87","Gemma_GSE10415_7_Brain_Regions_in_20_Inbred_Strains_of_Laboratory_Mice_StrainOrLine_PL.J_Up",0.685279727717507,0.999795312659912,0.194456091786875,0.83281122062362,6442,33,"Gbp3,Ifit2,Gbp7,,Bst2,Ifi27l2a,Ifi35,Fcgr1,Srgn,Slc15a3,Xdh,Fcer1g,Ctsc,Cdkn1a,Cst7,Ctss"
"88","Gemma_GSE10415_7_Brain_Regions_in_20_Inbred_Strains_of_Laboratory_Mice_StrainOrLine_SPRET.EiJ_Up",0.661116965226554,0.999795312659912,0.195638896891056,0.854779964132372,6273,36,"Gbp3,Ifit2,Gbp7,,Bst2,Ly6a,Lgals9,Fcgr1,Chil3,Srgn,Slc15a3,Xdh,Fcer1g,Mpeg1,Cdkn1a,Cst7,Ctss,Erap1,Cd74,Stat3,Casp1,Gpr84"
"89","Gemma_GSE10415_7_Brain_Regions_in_20_Inbred_Strains_of_Laboratory_Mice_StrainOrLine_SJL.J_Up",0.450189553496209,0.999795312659912,0.233141439942559,1.02483294713063,4274,37,"Gbp3,Ifit2,,Bst2,Ifi27l2a,Ly6a,Ifi35,Mx2,Fcgr1,Chil3,Srgn,Slc15a3,Xdh,Fcer1g,Serpina3n,Ctsc,Mpeg1,Cdkn1a,Cst7,Ctss,Erap1,Cd74,Casp1,Gpr84"
"90","Gemma_GSE10415_7_Brain_Regions_in_20_Inbred_Strains_of_Laboratory_Mice_StrainOrLine_SWR.J_Up",0.290868215394497,0.936620721587064,0.27644561041941,1.16750581630929,2716,31,"Gbp3,Ifit2,Gbp7,,Bst2,Ifi27l2a,Parp14,Mx2,Fcgr1,Irf9,Srgn,Slc15a3"
"91","Gemma_GSE10415_7_Brain_Regions_in_20_Inbred_Strains_of_Laboratory_Mice_StrainOrLine_A.J_Up",0.479040645229757,0.999795312659912,0.232331953271157,1.00131557170998,4513,34,"Gbp3,Ifit2,,Bst2,Ifi27l2a,Ly6a,Ifi35,Lgals9,Parp14,Fcgr1,Srgn,Slc15a3,Xdh,Fcer1g,Cdkn1a,Cst7,Ctss,Erap1,Cd74,Stat3,Casp1,Gpr84"
"92","Gemma_GSE10415_7_Brain_Regions_in_20_Inbred_Strains_of_Laboratory_Mice_StrainOrLine_129S1.SvImJ_Up",0.424473377791892,0.999795312659912,0.241755773465897,1.04802763963963,4009,35,"Gbp3,Ifit2,Gbp7,,Bst2,Ifi27l2a,Ly6a,Ifi35,Mx2,Fcgr1,Srgn,Slc15a3,Xdh,Fcer1g,Mpeg1,Cdkn1a,Cst7,Ctss,Erap1,Cd74,Stat3,Casp1,Gpr84"
"93","Gemma_GSE10415_7_Brain_Regions_in_20_Inbred_Strains_of_Laboratory_Mice_StrainOrLine_BALB.cByJ_Up",0.684663368466337,0.999795312659912,0.198746884976481,0.828367679414757,6365,29,"Ifit2,,Bst2,Ifi27l2a,Ly6a,Ifi35,Srgn,Slc15a3,Xdh,Fcer1g,Mpeg1,Cdkn1a,Cst7,Ctss,Erap1,Cd74,Casp1,Gpr84"
"94","Gemma_GSE10415_7_Brain_Regions_in_20_Inbred_Strains_of_Laboratory_Mice_StrainOrLine_AKR.J_Down",0.936985657183165,0.999795312659912,0.166624674321519,0.568923292055134,7969,14,",Lgals9,Parp14,Serpina3n,Nkg7,Sp100"
"95","Gemma_GSE10415_7_Brain_Regions_in_20_Inbred_Strains_of_Laboratory_Mice_StrainOrLine_AKR.J_Up",0.726596203623814,0.999795312659912,0.19083310610498,0.789198922156026,6736,28,"Gbp3,Ifit2,,Bst2,Ifi27l2a,Irf9,Srgn,Slc15a3,Xdh,Fcer1g,Mpeg1,Cdkn1a,Cst7,Ctss,Erap1,Cd74"
"96","Gemma_GSE10415_7_Brain_Regions_in_20_Inbred_Strains_of_Laboratory_Mice_StrainOrLine_C3H.HeJ_Up",0.594051021488303,0.999795312659912,0.209690073008159,0.909020657997237,5611,35,"Gbp3,Ifit2,,Bst2,Ifi27l2a,Ly6a,Ifi35,Mx2,Fcgr1,Srgn,Slc15a3,Xdh,Fcer1g,Mpeg1,Cdkn1a,Cst7,Ctss,Erap1,Cd74,Stat3,Casp1,Gpr84"
"97","Gemma_GSE10415_7_Brain_Regions_in_20_Inbred_Strains_of_Laboratory_Mice_StrainOrLine_BTBR.mouse_Up",0.697141633658067,0.999795312659912,0.193722478961927,0.818143288999113,6511,31,"Gbp3,Ifit2,,Bst2,Ifi27l2a,Ifi35,Fcgr1,Srgn,Slc15a3,Xdh,Fcer1g,Mpeg1,Cdkn1a,Cst7,Ctss,Cd74,Stat3,Casp1,Gpr84"
"98","Gemma_GSE10415_7_Brain_Regions_in_20_Inbred_Strains_of_Laboratory_Mice_StrainOrLine_C57L.J_Up",0.556895815542272,0.999795312659912,0.220471794475832,0.937534948122803,5216,32,"Gbp3,Gbp7,,Bst2,Ifi27l2a,Ly6a,Ifi35,Fcgr1,Chil3,Srgn,Slc15a3"
"99","Gemma_GSE10415_7_Brain_Regions_in_20_Inbred_Strains_of_Laboratory_Mice_StrainOrLine_C57BL.6J_Up",0.643887623386484,0.999795312659912,0.21033321253052,0.862156621498893,5935,27,"Gbp3,Ifit2,,Bst2,Ifi27l2a,Ifi35,Fcgr1,Srgn,Slc15a3,Xdh,Cdkn1a,Cst7,Ctss,Erap1,Cd74,Casp1,Gpr84"
"100","Gemma_GSE10415_7_Brain_Regions_in_20_Inbred_Strains_of_Laboratory_Mice_StrainOrLine_CAST.EiJ_Up",0.77980202190396,0.999795312659912,0.171005333242923,0.751697766324075,7404,37,"Ifit2,,Bst2,Ifi27l2a,Ly6a,Ifi35,Lgals9,Fcgr1,Chil3,Srgn,Slc15a3,Fcer1g,Serpina3n,Mpeg1,Cdkn1a,Cst7,Ctss,Erap1,Cd74,Stat3,Casp1,Gpr84"
"101","Gemma_GSE10415_7_Brain_Regions_in_20_Inbred_Strains_of_Laboratory_Mice_StrainOrLine_C58.J_Up",0.766078726607873,0.999795312659912,0.181363648402303,0.755915166041409,7122,29,",Bst2,Ifi27l2a,Ifi35,Fcgr1,Srgn,Slc15a3,Xdh,Serpina3n,Mpeg1,Cdkn1a,Cst7,Ctss,Erap1,Cd74,Stat3,Casp1,Gpr84"
"102","Gemma_GSE10415_7_Brain_Regions_in_20_Inbred_Strains_of_Laboratory_Mice_StrainOrLine_FVB.NJ_Up",0.623292058070026,0.999795312659912,0.207360203525188,0.881779177771568,5838,32,"Gbp3,Ifit2,,Bst2,Ifi27l2a,Ly6a,Ifi35,Fcgr1,Srgn,Slc15a3,Xdh,Fcer1g,Cdkn1a,Cst7,Ctss,Erap1,Cd74,Stat3,Casp1,Gpr84"
"103","Gemma_GSE10415_7_Brain_Regions_in_20_Inbred_Strains_of_Laboratory_Mice_StrainOrLine_DBA.2J_Up",0.762284620293555,0.999795312659912,0.177831624603249,0.761612408181237,7166,33,"Gbp3,,Bst2,Ifi27l2a,Ifi35,Fcgr1,Srgn,Slc15a3,Xdh,Fcer1g,Sp100,Mpeg1,Cdkn1a,Cst7,Ctss,Erap1,Cd74,Stat3,Casp1,Gpr84"
"104","Gemma_GSE50423_Contextual_fear_conditioning_in_the_mouse_hippocampus_timepoint_4.h_Down",0.867364746945899,0.999795312659912,0.217066465579658,0.662725096686594,6957,10,",Ifi203,Irf9,Stat2,Cdkn1a,Tlr3,Ccn1,Tnfaip3"
"105","Gemma_GSE50423_Contextual_fear_conditioning_in_the_mouse_hippocampus_timepoint_12.h_Down",0.922399020807834,0.999795312659912,0.187316105050578,0.591575567747268,7535,11,",Lgals9,Tapbp,Cdkn1a,Ptgs2,Rhoj,Tlr3,Ccn1"
"106","Gemma_GSE126678_Enduring_and_sex-specific_changes_in_hippocampal_gene_expression_after_subchronic_immune_challenge_treatment_lipopolysaccharide_Acute.immune.challenge._vehicle_Up",0.000238464289972577,0.00639084297126505,0.687329611847854,2.29415940642051,1,13,"Ifi44,Slfn4,Plac8,Ms4a6d,Irf7,Ms4a6c,,Lcn2,Ly6a,Il2rg,Icam1"
"107","Gemma_GSE126678_Enduring_and_sex-specific_changes_in_hippocampal_gene_expression_after_subchronic_immune_challenge_treatment_Long.term.subchronic.immune.challenge.acute.immune.challenge_lipopolysaccharide_lipopolysaccharide_Up",0.000238464289972577,0.00639084297126505,0.687329611847854,2.29415940642051,1,13,"Ifi44,Slfn4,Plac8,Ms4a6d,Irf7,Ms4a6c,,Lcn2,Ly6a,Il2rg,Icam1"
"108","Gemma_GSE109315_Gene_expression_analysis_of_mouse_brain_regions_after_chronic_social_defeat_stress_(CSDS)_strain_C57BL.6Crl_Up",0.927449513836948,0.999795312659912,0.193864898177663,0.591888447834793,7439,10,",Trim30d"
"109","Gemma_GSE5429_Hippocampal_gene_expression_profiling_across_8_inbred_strains:_towards_understanding_the_molecular_basis_of_behaviour_strain_C57BL.6J_Down",0.730491149339317,0.999795312659912,0.255183779457653,0.779100974728231,5859,10,",Timp1,Hmox1,Serpina3n,Socs3,Cdkn1a,Glipr2,Trafd1"
"110","Gemma_GSE5429_Hippocampal_gene_expression_profiling_across_8_inbred_strains:_towards_understanding_the_molecular_basis_of_behaviour_strain_C57BL.6J_Up",0.916829633038077,0.999795312659912,0.163659754710379,0.589958618913615,7969,17,"Irgm1,,Ly6a,B2m"
"111","Gemma_GSE5429_Hippocampal_gene_expression_profiling_across_8_inbred_strains:_towards_understanding_the_molecular_basis_of_behaviour_strain_SJL.J_Up",0.755014480317494,0.999795312659912,0.18276050567054,0.766364678871844,7038,30,"Plac8,,Lcn2,Ly6a,B2m,C3,Tor3a,Trim21,Slfn2,Atf3"
"112","Gemma_GSE5429_Hippocampal_gene_expression_profiling_across_8_inbred_strains:_towards_understanding_the_molecular_basis_of_behaviour_strain_FVB.NJ_Up",0.814200398142004,0.999795312659912,0.181028682886102,0.711340847078152,7361,23,"Irgm1,,Psmb9,Cxcl13"
"113","Gemma_GSE5429_Hippocampal_gene_expression_profiling_across_8_inbred_strains:_towards_understanding_the_molecular_basis_of_behaviour_strain_BALB.cByJ_Up",0.22366888959458,0.832545311268716,0.284484189956485,1.2332582169209,2112,35,"Plac8,Irf7,,Lcn2,Psmb9,Cxcl13,Lgals9,Trim21,Slfn2,Atf3,Cybb,Timp1,Tapbp,Tap2,Fcer1g,Hmox1,Zfp36,Socs3,Cyba"
"114","Gemma_GSE5429_Hippocampal_gene_expression_profiling_across_8_inbred_strains:_towards_understanding_the_molecular_basis_of_behaviour_strain_DBA.2J_Up",0.856376910791695,0.999795312659912,0.180516612929634,0.662494383174893,7506,18,",Psmb9,Ly6a,B2m,Tor3a,Atf3"
"115","Gemma_GSE5429_Hippocampal_gene_expression_profiling_across_8_inbred_strains:_towards_understanding_the_molecular_basis_of_behaviour_strain_A.J_Up",0.916738567730802,0.999795312659912,0.141197007659208,0.583926597070646,8499,28,"Irgm1,,Psmb9,Lgals9,B2m,Tor3a,Slfn2,Atf3,Tap2,Cyba,Mpeg1,Ctss,Psmb10,Ptgs2,Gadd45b,S100a6,C1qa"
"116","Gemma_GSE5429_Hippocampal_gene_expression_profiling_across_8_inbred_strains:_towards_understanding_the_molecular_basis_of_behaviour_strain_C3H.HeJ_Up",0.973828166899067,0.999795312659912,0.114062966475141,0.478297148244221,9078,30,"Plac8,,Psmb9,Cxcl13,Lgals9,Tor3a,Slfn2,Atf3"
"117","Gemma_GSE23182_Systemic_inflammation_modulates_Fc_receptor_expression_on_microglia_in_chronic_neurodegeneration_disease_prion.disease_Up",0.958985158443642,0.999795312659912,0.107741705468762,0.556076339054211,9562,128,"Oasl2,Ms4a6d,H2-K1,Stat1,Ms4a6c,Lgals3bp,,Psmb9,Bst2,Psmb8,Ifi27l2a,Ccl3,Fcgr4,Cd52,Lgals9,Il2rg,B2m,C3,Ifi209,Tor3a,Ptprc,Fcgr1,Irf9,Tspo,Srgn,Slc15a3,Atf3,Myd88,Cd72,Hck,Cybb,Tapbp,Ifitm6,Plscr2,Irf8,Fcer1g,Apobec1,Hmox1,Tlr2,Serpina3n,Cd53,Trim25,Cyba,Dhx58,C3ar1,Itgb2,Ctsc,Capg,Mpeg1,Cst7,Ctss,Tnfaip2,Psme1,Pld4,C1qc,Naip2,Lpxn,Cd74,H2-Aa,Stat3,Tmem106a,Casp1,Cxcl16,Ms4a7,Tgm1,Anxa2,Casp8,Gadd45b,Cd44,Plek,Ifi30,S100a6,Rhoc,C1qa,Tcirg1"
"118","Gemma_GSE23182_Systemic_inflammation_modulates_Fc_receptor_expression_on_microglia_in_chronic_neurodegeneration_Treatment_lipopolysaccharide_Up",0.657961246840775,0.999795312659912,0.194933270319587,0.856879145829476,6247,37,"Ms4a6d,Ms4a6c,Ifitm3,,Lcn2,Bst2,Ly6a,Ifi35,Tspo,Myd88,Zbp1,Xdh,Tapbp,Helz2,Stat2,Dhx58,Ctsc,Cdkn1a,Casp12,Ifitm1"
"119","Gemma_GSE117758_Cell-type_specific_transcriptional_profiling_of_glucocorticoid_receptor-dependent_changes_in_the_nucleus_accumbens_cell_type_neuron_Down",0.586538461538462,0.999795312659912,-0.109263968904624,-0.925346350974057,182,48,"P2ry6,Sat1,Vwa5a,Ly96,Ccl9,Grn,Ehd4,Fcgr2b,Vav1,Ccr5,Upp1,F13a1,Nupr1,Apod,Rnf135,Cd86,Slc11a1,Vcam1,Gfap,Cp,Aif1,C1qb,Alox5ap,C2,C1qa,S100a6,Casp1,Cd74,Lpxn,C1qc,Pld4,Ifitm1,Ctss,Mpeg1,Ctsc,Cyba,Cd53,Serpina3n,Fcer1g,Irf8"
"120","Gemma_GSE117758_Cell-type_specific_transcriptional_profiling_of_glucocorticoid_receptor-dependent_changes_in_the_nucleus_accumbens_cell_type_neuron_Up",0.0177238805970149,0.2375,0.48644234755331,1.69257627850958,151,15,"Rsad2,,Lcn2,Ly6a,Isg20,Ch25h,Tgm2,Ube2l6,Cd72,Xdh,Helz2"
"121","Gemma_GSE117758_Cell-type_specific_transcriptional_profiling_of_glucocorticoid_receptor-dependent_changes_in_the_nucleus_accumbens_cell_type_astrocyte_Up",0.0391406083811955,0.327802595192512,0.364712296480383,1.56197982802806,367,33,"Gbp2,Gbp3,Lgals3bp,Ifitm3,,Lcn2,Parp12,Ly6a,Ccl3,Irf1,Ch25h,Tgm2,Tor3a,Icam1,Tspo,Atf3"
"122","Gemma_GSE72343_Circuit-wide_transcriptional_profiling_reveals_region_specific_gene_co-expression_networks_regulating_depression_susceptibility_timepoint_28.d_chronic.social.defeat.stress_1.h_aggressor.re.exposure_Down",0.218202316285744,0.832545311268716,0.26085891253628,1.23054367178771,2128,55,"Slfn4,Trim30a,Ms4a6d,Ccl12,Ms4a6c,,Lcn2,Rtp4,Trim30d,Ly6a,Fcgr4,Isg20,Il2rg,Ch25h,Irf9,Chil3,Srgn,Ube2l6,Slfn2,Atf3,Xdh,Hck,Cybb,Plscr2,Emp1"
"123","Gemma_GSE72343_Circuit-wide_transcriptional_profiling_reveals_region_specific_gene_co-expression_networks_regulating_depression_susceptibility_timepoint_28.d_chronic.social.defeat.stress_Down",0.0118523180197189,0.20059880239521,0.384257037705202,1.71322030354752,112,40,"Iigp1,Trim30a,Gbp3,Ifit2,Ms4a6d,Ccl12,Ms4a6c,,Rtp4,Oasl1,Trim30d,Ly6a,Fcgr4,Isg20,Chil3,Ube2l6,Slfn2,Xdh,Hck,Cybb,Plscr2,Irf8,Apobec1"
"124","Gemma_GSE72343_Circuit-wide_transcriptional_profiling_reveals_region_specific_gene_co-expression_networks_regulating_depression_susceptibility_timepoint_28.d_chronic.social.defeat.stress_Up",0.635700066357001,0.999795312659912,0.220117727249835,0.864938793469154,5747,23,"Slfn4,,Lcn2,Tmem140,Ch25h,Ccl7,Icam1,Atf3,Zfp36,Gadd45g,Cdkn1a,Serpine1,Gadd45b,H2-T24,Rgs1,Thbs1,Ccn1,Nfkbia,Cebpd"
"125","Gemma_GSE85136_Sex_Differences_in_Nucleus_Accumbens_Transcriptome_Profiles_Associated_with_Susceptibility_versus_Resilience_to_Subchronic_Variable_Stress_genotype_wild.type.genotype_Down",0.000201025228666198,0.00639084297126505,0.400205783504154,2.0339840199833,1,101,"Cxcl10,Iigp1,Usp18,Oasl2,Gbp2,Rsad2,Trim30a,Ifit2,Irgm1,Gbp7,Ms4a6d,Mx1,H2-K1,Stat1,Lgals3bp,Gzmb,Cd274,,Ccl2,Lcn2,Rtp4,Oasl1,Parp12,Ddx60,Psmb8,Ccl3,Ifi35,Parp9,Irf1,Parp14,Serping1,Cxcl11,Tap1,Ms4a4b,B2m,C3,Ifi209,Tor3a,Ptprc,Eif2ak2,Fcgr1,Srgn,Ube2l6,Acod1,Slfn1,Cybb,Fgl2,Tap2,Emp1,Apobec1,Helz2,Hmox1,Tlr2,Serpina3n,Nkg7,Cd53,Trim25,Socs3,Dhx58,Ctsc,Capg,Mpeg1"
"126","Gemma_GSE85136_Sex_Differences_in_Nucleus_Accumbens_Transcriptome_Profiles_Associated_with_Susceptibility_versus_Resilience_to_Subchronic_Variable_Stress_genotype_Dnmt3a.mouse.DNA.methyltransferase.3A_Homozygous.negative_Up",0.639380070730185,0.999795312659912,0.193245502925139,0.877675619384662,6146,44,"Usp18,Rsad2,Ms4a6d,H2-K1,Lgals3bp,,Lcn2,Parp12,Ccl3,Serping1,Ptprc,Tapbp,Stat2,Hmox1,Tlr2,Serpina3n,Nkg7,Socs3,Ctsc,Capg,Cdkn1a,Pld4,Lpxn,Casp1,Ccr1,H2-T24,C1qa,Tcirg1,Rgs1,Glipr2"
"127","Gemma_GSE20388_Expression_Profiling_of_a_Genetic_Animal_Model_of_Depression_StrainOrLine_diisopropyl.fluorophosphate_Flinders.sensitive.rat_Sprague.Dawley_sensitive.toward_Down",0.981517747858017,0.999795312659912,0.15340713870175,0.484485384475977,8018,11,",B2m,Itgb2,Mpeg1,Trafd1,Ctsh,Aif1,Fxyd5,Vcam1"
"128","Gemma_GSE12457_Comparison_of_Environmental_and_Genetic_models_of_ADHD_strain_Sprague.Dawley_Down",0.285880032486367,0.936620721587064,0.329758914659785,1.16838920974836,2463,16,"Gbp3,H2-K1,Ifitm3,,Il2rg,Icam1,Srgn"
"129","Gemma_GSE12457_Comparison_of_Environmental_and_Genetic_models_of_ADHD_strain_Sprague.Dawley_Up",0.489447955168713,0.999795312659912,0.293288999418183,0.978936023149,4104,13,"H2-K1,Stat1,"
"130","Gemma_GSE12457_Comparison_of_Environmental_and_Genetic_models_of_ADHD_strain_Wistar.Kyoto_Down",0.0898347740453004,0.445846656372972,0.356899493503753,1.43446204822381,820,25,"Gbp3,H2-K1,Ifitm3,,Ly6a,Il2rg,Tgm2,Icam1,Ptprc,Srgn,Fgl2,Plscr2,Emp1,Zfp36,Gimap4,Cdkn1a,Ifitm1,Lpxn,Stat3"
"131","Gemma_GSE12457_Comparison_of_Environmental_and_Genetic_models_of_ADHD_strain_Wistar.Kyoto_Up",0.810036719706242,0.999795312659912,0.22418228270408,0.708005118586759,6617,11,"H2-K1,,Nmi"
"132","Gemma_GSE12457_Comparison_of_Environmental_and_Genetic_models_of_ADHD_treatment_Aroclor.1254_Aroclor.1260_Down",0.163704509732801,0.685512634506106,0.406046680333374,1.31933829392616,1353,12,"H2-K1,,Ly6a,Ifi209,Ifi203,Fgl2,Plscr2,Nkg7"
"133","Gemma_GSE12457_Comparison_of_Environmental_and_Genetic_models_of_ADHD_treatment_Aroclor.1254_Aroclor.1260_Up",0.0641324626865672,0.390625,0.431728504870252,1.50219944824954,549,15,"Gbp2,Irgm1,H2-K1,,Psmb8,Lgals9,Nmi"
"134","Gemma_GSE95449_Experience-dependent_Epigenomic_Reorganization_in_the_Hippocampus_timepoint_1.h_Down",0.953610771113831,0.999795312659912,0.173542892947859,0.548077461873404,7790,11,",Slc15a3,Irf8,Tlr2,Cd53,Plek,C1qa,Lcp1,Slamf7,Hcls1,Cd180"
